"Domain","Methods","Endpoint"
"hackerone.com","GET","/"
"hackerone.com","GET","/(*path)(.:format)"
"hackerone.com","GET|POST|PUT|PATCH|DELETE|OPTIONS|HEAD","/*unmatched_route"
"hackerone.com","PUT","/:id(.:format)"
"hackerone.com","PATCH","/:id(.:format)"
"hackerone.com","GET","/:id(.:format)"
"hackerone.com","POST","/:id/accept(.:format)"
"hackerone.com","POST","/:id/claim(.:format)"
"hackerone.com","GET","/:id/da_eligible_teams(.:format)"
"hackerone.com","GET","/:id/edit(.:format)"
"hackerone.com","GET","/:id/hacktivity(.:format)"
"hackerone.com","GET","/:id/insights(.:format)"
"hackerone.com","GET","/:id/invite_only(.:format)"
"hackerone.com","GET","/:id/policy_versions(.:format)"
"hackerone.com","POST","/:id/publish(.:format)"
"hackerone.com","POST","/:id/quit(.:format)"
"hackerone.com","POST","/:id/reject(.:format)"
"hackerone.com","GET","/:id/report_submission_form_intro(.:format)"
"hackerone.com","GET","/:id/reporters(.:format)"
"hackerone.com","GET","/:id/scope_versions(.:format)"
"hackerone.com","GET","/:id/setup(.:format)"
"hackerone.com","GET","/:id/updates(.:format)"
"hackerone.com","POST","/:team_id/api(.:format)"
"hackerone.com","GET","/:team_id/api(.:format)"
"hackerone.com","DELETE","/:team_id/api/:id(.:format)"
"hackerone.com","GET","/:team_id/assets(.:format)"
"hackerone.com","PUT","/:team_id/authentication(.:format)"
"hackerone.com","PATCH","/:team_id/authentication(.:format)"
"hackerone.com","GET","/:team_id/authentication(.:format)"
"hackerone.com","GET","/:team_id/bi_directional_jira_integrations(.:format)"
"hackerone.com","GET","/:team_id/bi_directional_jira_integrations/*all(.:format)"
"hackerone.com","GET","/:team_id/billing(.:format)"
"hackerone.com","POST","/:team_id/billing/generate_csv_statement(.:format)"
"hackerone.com","POST","/:team_id/billing/generate_pdf_statement(.:format)"
"hackerone.com","POST","/:team_id/billing/legacy_data(.:format)"
"hackerone.com","POST","/:team_id/billing/low_balance_email_threshold(.:format)"
"hackerone.com","GET","/:team_id/challenge_policy(.:format)"
"hackerone.com","GET","/:team_id/common_responses(.:format)"
"hackerone.com","GET","/:team_id/common_responses/:id/edit(.:format)"
"hackerone.com","GET","/:team_id/common_responses/new(.:format)"
"hackerone.com","POST","/:team_id/common_responses/triggers(.:format)"
"hackerone.com","GET","/:team_id/common_responses/triggers(.:format)"
"hackerone.com","GET","/:team_id/credentials(.:format)"
"hackerone.com","POST","/:team_id/credentials/export(.:format)"
"hackerone.com","PUT","/:team_id/credentials/import(.:format)"
"hackerone.com","PUT","/:team_id/credentials/preview(.:format)"
"hackerone.com","PATCH","/:team_id/creditcards(.:format)"
"hackerone.com","GET","/:team_id/creditcards(.:format)"
"hackerone.com","PUT","/:team_id/creditcards(.:format)"
"hackerone.com","POST","/:team_id/creditcards/deactivate(.:format)"
"hackerone.com","GET","/:team_id/cve_requests(.:format)"
"hackerone.com","GET","/:team_id/cve_requests/:id/edit(.:format)"
"hackerone.com","GET","/:team_id/cve_requests/new(.:format)"
"hackerone.com","POST","/:team_id/demo/reset(.:format)"
"hackerone.com","GET","/:team_id/directory_settings(.:format)"
"hackerone.com","GET","/:team_id/disclosure(.:format)"
"hackerone.com","POST","/:team_id/disclosure(.:format)"
"hackerone.com","PATCH","/:team_id/disclosure(.:format)"
"hackerone.com","DELETE","/:team_id/disclosure(.:format)"
"hackerone.com","PUT","/:team_id/disclosure(.:format)"
"hackerone.com","GET","/:team_id/disclosure/edit(.:format)"
"hackerone.com","GET","/:team_id/disclosure/new(.:format)"
"hackerone.com","GET","/:team_id/disclosure_assistance_requests/new(.:format)"
"hackerone.com","GET","/:team_id/display_options(.:format)"
"hackerone.com","PATCH","/:team_id/display_options(.:format)"
"hackerone.com","PUT","/:team_id/display_options(.:format)"
"hackerone.com","GET","/:team_id/email_settings(.:format)"
"hackerone.com","GET","/:team_id/embedded_submission_domains(.:format)"
"hackerone.com","GET","/:team_id/export_reports(.:format)"
"hackerone.com","PUT","/:team_id/export_reports/:id(.:format)"
"hackerone.com","PATCH","/:team_id/export_reports/:id(.:format)"
"hackerone.com","GET","/:team_id/external_reports/new(.:format)"
"hackerone.com","GET","/:team_id/feedback(.:format)"
"hackerone.com","GET","/:team_id/feedback/generate_csv(.:format)"
"hackerone.com","GET","/:team_id/genii(.:format)"
"hackerone.com","PATCH","/:team_id/genii/:id(.:format)"
"hackerone.com","PUT","/:team_id/genii/:id(.:format)"
"hackerone.com","POST","/:team_id/genii/:team_genius_id/unmute(.:format)"
"hackerone.com","POST","/:team_id/groups(.:format)"
"hackerone.com","GET","/:team_id/groups(.:format)"
"hackerone.com","PUT","/:team_id/groups/:id(.:format)"
"hackerone.com","DELETE","/:team_id/groups/:id(.:format)"
"hackerone.com","PATCH","/:team_id/groups/:id(.:format)"
"hackerone.com","GET","/:team_id/groups/:id/edit(.:format)"
"hackerone.com","PUT","/:team_id/groups/:team_member_group_id/members(.:format)"
"hackerone.com","PATCH","/:team_id/groups/:team_member_group_id/members(.:format)"
"hackerone.com","GET","/:team_id/groups/:team_member_group_id/members/edit(.:format)"
"hackerone.com","GET","/:team_id/groups/new(.:format)"
"hackerone.com","GET","/:team_id/inbox_views(.:format)"
"hackerone.com","POST","/:team_id/inbox_views(.:format)"
"hackerone.com","PATCH","/:team_id/inbox_views/:id(.:format)"
"hackerone.com","PUT","/:team_id/inbox_views/:id(.:format)"
"hackerone.com","DELETE","/:team_id/inbox_views/:id(.:format)"
"hackerone.com","PUT","/:team_id/inbox_views/:id/update_visibility(.:format)"
"hackerone.com","GET","/:team_id/integrations(.:format)"
"hackerone.com","DELETE","/:team_id/integrations/:id(.:format)"
"hackerone.com","PATCH","/:team_id/integrations/:id(.:format)"
"hackerone.com","PUT","/:team_id/integrations/:id(.:format)"
"hackerone.com","GET","/:team_id/jira_integrations(.:format)"
"hackerone.com","PATCH","/:team_id/jira_integrations(.:format)"
"hackerone.com","PUT","/:team_id/jira_integrations(.:format)"
"hackerone.com","GET","/:team_id/jira_integrations/*all(.:format)"
"hackerone.com","POST","/:team_id/jira_integrations/generate_webhook(.:format)"
"hackerone.com","POST","/:team_id/jira_integrations/preview(.:format)"
"hackerone.com","POST","/:team_id/jira_oauths(.:format)"
"hackerone.com","GET","/:team_id/jira_oauths/callback(.:format)"
"hackerone.com","GET","/:team_id/launch(.:format)"
"hackerone.com","GET","/:team_id/jira_projects(.:format)"
"hackerone.com","PUT","/:team_id/launch(.:format)"
"hackerone.com","PATCH","/:team_id/launch(.:format)"
"hackerone.com","PUT","/:team_id/launch/first_time_invite(.:format)"
"hackerone.com","POST","/:team_id/learn_more/promote(.:format)"
"hackerone.com","POST","/:team_id/messaging(.:format)"
"hackerone.com","GET","/:team_id/messaging(.:format)"
"hackerone.com","GET","/:team_id/miles(.:format)"
"hackerone.com","PATCH","/:team_id/miles/:id(.:format)"
"hackerone.com","PUT","/:team_id/miles/:id(.:format)"
"hackerone.com","POST","/:team_id/miles/export(.:format)"
"hackerone.com","GET","/:team_id/phabricator_integration(.:format)"
"hackerone.com","GET","/:team_id/policy(.:format)"
"hackerone.com","PATCH","/:team_id/policy_subscriptions(.:format)"
"hackerone.com","PUT","/:team_id/policy_subscriptions(.:format)"
"hackerone.com","GET","/:team_id/policy_subscriptions(.:format)"
"hackerone.com","POST","/:team_id/prepayments(.:format)"
"hackerone.com","GET","/:team_id/prepayments(.:format)"
"hackerone.com","POST","/:team_id/private_program_application(.:format)"
"hackerone.com","GET","/:team_id/private_program_application_requirement(.:format)"
"hackerone.com","PUT","/:team_id/product_edition(.:format)"
"hackerone.com","PATCH","/:team_id/product_edition(.:format)"
"hackerone.com","GET","/:team_id/product_edition(.:format)"
"hackerone.com","POST","/:team_id/product_edition/create_lead(.:format)"
"hackerone.com","GET","/:team_id/profile_metrics(.:format)"
"hackerone.com","GET","/:team_id/program_health(.:format)"
"hackerone.com","POST","/:team_id/reports(.:format)"
"hackerone.com","GET","/:team_id/reports/draft(.:format)"
"hackerone.com","POST","/:team_id/reports/draft_reset_vuln_info(.:format)"
"hackerone.com","POST","/:team_id/reports/draft_sync(.:format)"
"hackerone.com","GET","/:team_id/reports/new(.:format)"
"hackerone.com","GET","/:team_id/reports/new/critical(.:format)"
"hackerone.com","GET","/:team_id/reports/public(.:format)"
"hackerone.com","GET","/:team_id/response_sla(.:format)"
"hackerone.com","GET","/:team_id/response_targets(.:format)"
"hackerone.com","PUT","/:team_id/response_targets(.:format)"
"hackerone.com","PATCH","/:team_id/response_targets(.:format)"
"hackerone.com","PUT","/:team_id/reward_settings(.:format)"
"hackerone.com","GET","/:team_id/reward_settings(.:format)"
"hackerone.com","PATCH","/:team_id/reward_settings(.:format)"
"hackerone.com","POST","/:team_id/saml_tests(.:format)"
"hackerone.com","GET","/:team_id/saml_tests/:id(.:format)"
"hackerone.com","GET","/:team_id/scopes(.:format)"
"hackerone.com","GET","/:team_id/scopes/:id/edit(.:format)"
"hackerone.com","GET","/:team_id/scopes/new(.:format)"
"hackerone.com","GET","/:team_id/security_email_forwarding(.:format)"
"hackerone.com","GET","/:team_id/security_email_forwarding/:id(.:format)"
"hackerone.com","POST","/:team_id/security_email_forwarding/setup_forwarding(.:format)"
"hackerone.com","GET","/:team_id/security_email_forwarding/test_forwarding(.:format)"
"hackerone.com","GET","/:team_id/setup_guide(.:format)"
"hackerone.com","PUT","/:team_id/setup_guide/complete(.:format)"
"hackerone.com","GET","/:team_id/severities(.:format)"
"hackerone.com","POST","/:team_id/severities(.:format)"
"hackerone.com","GET","/:team_id/slack_integration(.:format)"
"hackerone.com","GET","/:team_id/slack_pipelines/:id/edit(.:format)"
"hackerone.com","GET","/:team_id/slack_pipelines/new(.:format)"
"hackerone.com","PUT","/:team_id/stripe(.:format)"
"hackerone.com","PATCH","/:team_id/stripe(.:format)"
"hackerone.com","GET","/:team_id/submission_form(.:format)"
"hackerone.com","PATCH","/:team_id/submission_form(.:format)"
"hackerone.com","PUT","/:team_id/submission_form(.:format)"
"hackerone.com","GET","/:team_id/submission_requirements(.:format)"
"hackerone.com","GET","/:team_id/swag(.:format)"
"hackerone.com","PATCH","/:team_id/swag/:id(.:format)"
"hackerone.com","PUT","/:team_id/swag/:id(.:format)"
"hackerone.com","GET","/:team_id/team_member_invitations(.:format)"
"hackerone.com","POST","/:team_id/team_member_invitations(.:format)"
"hackerone.com","DELETE","/:team_id/team_member_invitations/:id(.:format)"
"hackerone.com","GET","/:team_id/team_members(.:format)"
"hackerone.com","PATCH","/:team_id/team_members/:id(.:format)"
"hackerone.com","GET","/:team_id/team_members/:id(.:format)"
"hackerone.com","DELETE","/:team_id/team_members/:id(.:format)"
"hackerone.com","PUT","/:team_id/team_members/:id(.:format)"
"hackerone.com","GET","/:team_id/team_members/:id/edit(.:format)"
"hackerone.com","POST","/:team_id/team_members/:id/subscriptions(.:format)"
"hackerone.com","POST","/:team_id/team_members/:id/visibility(.:format)"
"hackerone.com","GET","/:team_id/team_members/new(.:format)"
"hackerone.com","GET","/:team_id/thanks(/:child_team_id)(.:format)"
"hackerone.com","GET","/:team_id/thanks/:year(/:child_team_id)(.:format)"
"hackerone.com","GET","/:team_id/thanks/prior(.:format)"
"hackerone.com","GET","/:team_id/triggers(.:format)"
"hackerone.com","POST","/:team_id/triggers(.:format)"
"hackerone.com","PATCH","/:team_id/triggers/:id(.:format)"
"hackerone.com","PUT","/:team_id/triggers/:id(.:format)"
"hackerone.com","DELETE","/:team_id/triggers/:id(.:format)"
"hackerone.com","GET","/:team_id/triggers/:id(.:format)"
"hackerone.com","GET","/:team_id/triggers/:id/edit(.:format)"
"hackerone.com","GET","/:team_id/triggers/new(.:format)"
"hackerone.com","GET","/:team_id/weaknesses(.:format)"
"hackerone.com","GET","/:uppercased(.:format)"
"hackerone.com","GET","/:user_id/2017/:token(.:format)"
"hackerone.com","GET","/:user_id/badges(.:format)"
"hackerone.com","GET","/:user_id/calendar(.:format)"
"hackerone.com","GET","/:user_id/public_teams(.:format)"
"hackerone.com","GET","/:user_id/reports/public(.:format)"
"hackerone.com","GET","/:user_id/thanks(.:format)"
"hackerone.com","GET","/:user_id/year-in-review(.:format)"
"hackerone.com","POST","/:uuid/embedded_severities(.:format)"
"hackerone.com","GET","/:uuid/embedded_severities(.:format)"
"hackerone.com","POST","/:uuid/embedded_submissions(.:format)"
"hackerone.com","GET","/:uuid/embedded_submissions/draft(.:format)"
"hackerone.com","POST","/:uuid/embedded_submissions/draft_reset_vuln_info(.:format)"
"hackerone.com","POST","/:uuid/embedded_submissions/draft_sync(.:format)"
"hackerone.com","GET","/:uuid/embedded_submissions/new(.:format)"
"hackerone.com","GET","/:uuid/embedded_submissions/script(.:format)"
"hackerone.com","GET","/:uuid/embedded_weakness(.:format)"
"hackerone.com","PATCH","/activities/:id(.:format)"
"hackerone.com","PUT","/activities/:id(.:format)"
"hackerone.com","GET","/activities/:id/edit(.:format)"
"hackerone.com","GET|POST","/apps/atlassian/claim-app(.:format)"
"hackerone.com","POST","/apps/atlassian/installation-callback(.:format)"
"hackerone.com","GET","/apps/atlassian/manifest(.:format)"
"hackerone.com","GET","/apps/atlassian/redirect-to-claim-app(.:format)"
"hackerone.com","POST","/apps/atlassian/uninstallation-callback(.:format)"
"hackerone.com","POST","/attachments(.:format)"
"hackerone.com","DELETE","/attachments/:id(.:format)"
"hackerone.com","GET|POST","/auth/:provider/callback(.:format)"
"hackerone.com","GET","/better_hacktivity(.:format)"
"hackerone.com","GET","/bug-bounty-programs(.:format)"
"hackerone.com","GET","/bugs(.:format)"
"hackerone.com","GET","/bugs/anc(.:format)"
"hackerone.com","GET","/bugs/count(.:format)"
"hackerone.com","GET","/bugs/filter_entities(.:format)"
"hackerone.com","GET","/bugs/hackathons(.:format)"
"hackerone.com","GET","/bugs/reported_to_teams(.:format)"
"hackerone.com","POST","/common_responses(.:format)"
"hackerone.com","PUT","/common_responses/:id(.:format)"
"hackerone.com","PATCH","/common_responses/:id(.:format)"
"hackerone.com","DELETE","/common_responses/:id(.:format)"
"hackerone.com","GET","/current_user(.:format)"
"hackerone.com","GET","/current_user/graphql_token(.:format)"
"hackerone.com","GET","/da(.:format)"
"hackerone.com","GET","/dashboard(.:format)"
"hackerone.com","GET","/dashboard/all_time_metrics(.:format)"
"hackerone.com","POST","/dashboard/raw(.:format)"
"hackerone.com","GET","/dashboard/time_bracketed_metrics(.:format)"
"hackerone.com","GET","/directory(.:format)"
"hackerone.com","GET","/directory/new(.:format)"
"hackerone.com","GET","/disclosure_assistance(.:format)"
"hackerone.com","GET","/disclosureassistance(.:format)"
"hackerone.com","GET","/examples/form(.:format)"
"hackerone.com","GET","/examples/index(.:format)"
"hackerone.com","POST","/external_programs(.:format)"
"hackerone.com","POST","/external_programs/:id/approve_claim(.:format)"
"hackerone.com","POST","/external_programs/:id/reject_claim(.:format)"
"hackerone.com","GET","/external_programs/review(.:format)"
"hackerone.com","GET","/faq(.:format)"
"hackerone.com","POST","/features(.:format)"
"hackerone.com","GET","/gates(.:format)"
"hackerone.com","POST","/graphql(.:format)"
"hackerone.com","GET","/hackathons/:id(.:format)"
"hackerone.com","GET","/hackathons/:id/live(.:format)"
"hackerone.com","GET","/hackathons/:id/photos(.:format)"
"hackerone.com","GET","/hackathons/hacktheworld/2016(.:format)"
"hackerone.com","GET","/hackathons/hacktheworld/2017(.:format)"
"hackerone.com","POST","/hackbot/accept(.:format)"
"hackerone.com","GET","/hackbot/genii(.:format)"
"hackerone.com","POST","/hackbot/mute(.:format)"
"hackerone.com","POST","/hackbot/reject(.:format)"
"hackerone.com","GET","/hacker_dashboard(.:format)"
"hackerone.com","GET","/hacker_dashboard/accepted_invitations(.:format)"
"hackerone.com","GET","/hacker_dashboard/bookmarked_programs(.:format)"
"hackerone.com","GET","/hacker_dashboard/getting_started(.:format)"
"hackerone.com","GET","/hacker_dashboard/getting_started/about_hackerone(.:format)"
"hackerone.com","GET","/hacker_dashboard/getting_started/explore_programs(.:format)"
"hackerone.com","GET","/hacker_dashboard/getting_started/learn_how_to_hack(.:format)"
"hackerone.com","GET","/hacker_dashboard/getting_started/submit_your_report(.:format)"
"hackerone.com","GET","/hacker_dashboard/my_programs(.:format)"
"hackerone.com","GET","/hacker_dashboard/pending_invitations(.:format)"
"hackerone.com","POST","/hacker_reviews(.:format)"
"hackerone.com","GET","/hacker_reviews(.:format)"
"hackerone.com","GET","/hackerone(.:format)"
"hackerone.com","GET","/hacktivity(.:format)"
"hackerone.com","GET","/hacktivity/new(.:format)"
"hackerone.com","GET","/hacktivity/popular(.:format)"
"hackerone.com","GET","/hacktivity/publish(.:format)"
"hackerone.com","GET","/hacktivity/top(.:format)"
"hackerone.com","POST","/hello_sign_callback(.:format)"
"hackerone.com","POST","/import_report(.:format)"
"hackerone.com","GET","/inbox/subjects(.:format)"
"hackerone.com","GET","/invitations/:id(.:format)"
"hackerone.com","POST","/invitations/:id/accept(.:format)"
"hackerone.com","POST","/invitations/:id/accept_terms(.:format)"
"hackerone.com","POST","/invitations/:id/claim(.:format)"
"hackerone.com","POST","/invitations/:id/reject(.:format)"
"hackerone.com","GET","/invitations/:id/requirements(.:format)"
"hackerone.com","GET","/last-month(.:format)"
"hackerone.com","GET","/last-year(.:format)"
"hackerone.com","GET","/lb_health_check(.:format)"
"hackerone.com","GET","/leaderboard(.:format)"
"hackerone.com","GET","/leaderboard/:year(.:format)"
"hackerone.com","GET","/leaderboard/:year/:quarter(.:format)"
"hackerone.com","GET","/leaderboard/all-time(.:format)"
"hackerone.com","GET","/leaderboard/h1702(.:format)"
"hackerone.com","GET","/leaderboard/hacktheworld(.:format)"
"hackerone.com","GET","/leaderboard/invites(.:format)"
"hackerone.com","POST","/leads(.:format)"
"hackerone.com","GET","/mail_subscriptions/edit_monthly_digest_subscription(.:format)"
"hackerone.com","GET","/metrics(.:format)"
"hackerone.com","GET","/notifications(.:format)"
"hackerone.com","PATCH","/notifications(.:format)"
"hackerone.com","GET","/notifications/mentions(.:format)"
"hackerone.com","POST","/oauth/authorize(.:format)"
"hackerone.com","DELETE","/oauth/authorize(.:format)"
"hackerone.com","GET","/oauth/authorize(.:format)"
"hackerone.com","GET","/oauth/authorize/native(.:format)"
"hackerone.com","POST","/oauth/introspect(.:format)"
"hackerone.com","POST","/oauth/revoke(.:format)"
"hackerone.com","POST","/oauth/token(.:format)"
"hackerone.com","GET","/oauth/token/info(.:format)"
"hackerone.com","POST","/payout_preferences(.:format)"
"hackerone.com","PATCH","/payout_preferences/:id(.:format)"
"hackerone.com","DELETE","/payout_preferences/:id(.:format)"
"hackerone.com","PUT","/payout_preferences/:id(.:format)"
"hackerone.com","POST","/payout_preferences/:id/set_as_default(.:format)"
"hackerone.com","GET","/policy-builder(.:format)"
"hackerone.com","GET","/policy-builder(/*all)(.:format)"
"hackerone.com","POST","/preview(.:format)"
"hackerone.com","GET","/product/sign-up(.:format)"
"hackerone.com","GET","/program_dashboard(.:format)"
"hackerone.com","GET","/programs/search(.:format)"
"hackerone.com","GET","/programs/settings(.:format)"
"hackerone.com","GET","/programs/triggers(.:format)"
"hackerone.com","GET","/promo_banner(.:format)"
"hackerone.com","GET","/public_data/alexa/zero_daily(.:format)"
"hackerone.com","GET","/rails/active_storage/blobs/:signed_id/*filename(.:format)"
"hackerone.com","POST","/rails/active_storage/direct_uploads(.:format)"
"hackerone.com","GET","/rails/active_storage/disk/:encoded_key/*filename(.:format)"
"hackerone.com","PUT","/rails/active_storage/disk/:encoded_token(.:format)"
"hackerone.com","GET","/rails/active_storage/representations/:signed_blob_id/:variation_key/*filename(.:format)"
"hackerone.com","GET","/redirect(.:format)"
"hackerone.com","PUT","/report_collaborators/:id(.:format)"
"hackerone.com","PATCH","/report_collaborators/:id(.:format)"
"hackerone.com","PUT","/reports/:id(.:format)"
"hackerone.com","GET","/reports/:id(.:format)"
"hackerone.com","PATCH","/reports/:id(.:format)"
"hackerone.com","POST","/reports/:id/export/raw(.:format)"
"hackerone.com","POST","/reports/:id/export/zip(.:format)"
"hackerone.com","POST","/reports/:id/tags(.:format)"
"hackerone.com","PUT","/reports/:id/tags/:id(.:format)"
"hackerone.com","DELETE","/reports/:id/tags/:id(.:format)"
"hackerone.com","PATCH","/reports/:id/tags/:id(.:format)"
"hackerone.com","POST","/reports/:report_id/ban_researcher(.:format)"
"hackerone.com","POST","/reports/:report_id/clone(.:format)"
"hackerone.com","POST","/reports/:report_id/collaborator_invitations(.:format)"
"hackerone.com","DELETE","/reports/:report_id/collaborator_invitations/:id(.:format)"
"hackerone.com","PUT","/reports/:report_id/collaborator_invitations/:id(.:format)"
"hackerone.com","PATCH","/reports/:report_id/collaborator_invitations/:id(.:format)"
"hackerone.com","POST","/reports/:report_id/escalate(.:format)"
"hackerone.com","POST","/reports/:report_id/escalate_to_jira(.:format)"
"hackerone.com","POST","/reports/:report_id/escalate_to_phabricator(.:format)"
"hackerone.com","POST","/reports/:report_id/external_users(.:format)"
"hackerone.com","DELETE","/reports/:report_id/external_users/:id(.:format)"
"hackerone.com","POST","/reports/:report_id/hacker_help(.:format)"
"hackerone.com","POST","/reports/:report_id/invitations(.:format)"
"hackerone.com","DELETE","/reports/:report_id/invitations/:id(.:format)"
"hackerone.com","POST","/reports/:report_id/link_to_jira(.:format)"
"hackerone.com","GET","/reports/:report_id/mediation_requests/:mediation_type(.:format)"
"hackerone.com","GET","/reports/:report_id/participants(.:format)"
"hackerone.com","POST","/reports/:report_id/public_view(.:format)"
"hackerone.com","POST","/reports/:report_id/redact(.:format)"
"hackerone.com","POST","/reports/:report_id/reference(.:format)"
"hackerone.com","POST","/reports/:report_id/request_mediation(.:format)"
"hackerone.com","POST","/reports/:report_id/severities(.:format)"
"hackerone.com","POST","/reports/:report_id/subscription(.:format)"
"hackerone.com","POST","/reports/:report_id/summaries(.:format)"
"hackerone.com","PUT","/reports/:report_id/summaries/:id(.:format)"
"hackerone.com","PATCH","/reports/:report_id/summaries/:id(.:format)"
"hackerone.com","GET","/reports/:report_id/transfer_eligible_programs(.:format)"
"hackerone.com","POST","/reports/:report_id/votes(.:format)"
"hackerone.com","DELETE","/reports/:report_id/votes/:id(.:format)"
"hackerone.com","POST","/reports/:report_id/weakness(.:format)"
"hackerone.com","POST","/reports/bulk(.:format)"
"hackerone.com","GET|POST","/reports/bulk/abilities(.:format)"
"hackerone.com","POST","/reports/export(.:format)"
"hackerone.com","POST","/resources/download-web-hacking-101(.:format)"
"hackerone.com","GET","/resources/web-hacking-101(.:format)"
"hackerone.com","GET","/roadmap(.:format)"
"hackerone.com","GET","/sample_report_templates(.:format)"
"hackerone.com","POST","/sessions(.:format)"
"hackerone.com","GET","/settings/allow_report_submission(.:format)"
"hackerone.com","GET","/settings/auth(.:format)"
"hackerone.com","GET","/settings/auth/disable_two_factor_authentication(.:format)"
"hackerone.com","GET","/settings/auth/regenerate_backup_codes(.:format)"
"hackerone.com","GET","/settings/auth/setup_account_recovery(.:format)"
"hackerone.com","GET","/settings/auth/setup_two_factor_authentication(.:format)"
"hackerone.com","GET","/settings/auth/verify_account_recovery(.:format)"
"hackerone.com","GET","/settings/authentication/edit(.:format)"
"hackerone.com","GET","/settings/bounties(.:format)"
"hackerone.com","POST","/settings/bounties(.:format)"
"hackerone.com","GET","/settings/calendar(.:format)"
"hackerone.com","PUT","/settings/disable(.:format)"
"hackerone.com","PATCH","/settings/disable(.:format)"
"hackerone.com","GET","/settings/disable/edit(.:format)"
"hackerone.com","GET","/settings/disabled/edit(.:format)"
"hackerone.com","PUT","/settings/email(.:format)"
"hackerone.com","PATCH","/settings/email(.:format)"
"hackerone.com","GET","/settings/email/edit(.:format)"
"hackerone.com","GET","/settings/external_services/edit(.:format)"
"hackerone.com","DELETE","/settings/lufthansa(.:format)"
"hackerone.com","POST","/settings/lufthansa(.:format)"
"hackerone.com","GET","/settings/pass/edit(.:format)"
"hackerone.com","GET","/settings/payment_preferences(.:format)"
"hackerone.com","GET","/settings/preferences(.:format)"
"hackerone.com","PATCH","/settings/profile(.:format)"
"hackerone.com","PUT","/settings/profile(.:format)"
"hackerone.com","GET","/settings/profile/edit(.:format)"
"hackerone.com","GET","/settings/reputation/log(.:format)"
"hackerone.com","GET","/settings/sessions(.:format)"
"hackerone.com","POST","/settings/skill_endorsements(.:format)"
"hackerone.com","GET","/settings/skills(.:format)"
"hackerone.com","GET","/settings/swags(.:format)"
"hackerone.com","GET","/settings/teams(.:format)"
"hackerone.com","DELETE","/settings/teams/:id(.:format)"
"hackerone.com","GET","/settings/vpn(.:format)"
"hackerone.com","POST","/settings/vpn/:name(.:format)"
"hackerone.com","GET","/settings/weaknesses(.:format)"
"hackerone.com","GET","/sign_up(.:format)"
"hackerone.com","GET","/sitemap(.:format)"
"hackerone.com","GET","/skills(.:format)"
"hackerone.com","GET","/statistics/bounties(.:format)"
"hackerone.com","GET","/statistics/reports(.:format)"
"hackerone.com","GET","/statistics/users(.:format)"
"hackerone.com","POST","/tax_forms(.:format)"
"hackerone.com","GET","/tax_forms/new(.:format)"
"hackerone.com","GET","/teams(.:format)"
"hackerone.com","POST","/teams(.:format)"
"hackerone.com","GET","/teams/new(.:format)"
"hackerone.com","GET","/teams/new/coalition(.:format)"
"hackerone.com","GET","/teams/new/googleplay(.:format)"
"hackerone.com","GET","/thanks(.:format)"
"hackerone.com","GET","/triage-dashboard(.:format)"
"hackerone.com","GET","/triage-dashboard-tabs(.:format)"
"hackerone.com","GET","/tutorials(.:format)"
"hackerone.com","PUT","/tutorials/:id(.:format)"
"hackerone.com","PATCH","/tutorials/:id(.:format)"
"hackerone.com","GET|POST","/user_auth/:provider/callback(.:format)"
"hackerone.com","POST","/users(.:format)"
"hackerone.com","GET","/users/2fa/:token(.:format)"
"hackerone.com","GET","/users/confirmation(.:format)"
"hackerone.com","POST","/users/confirmation(.:format)"
"hackerone.com","GET","/users/confirmation/new(.:format)"
"hackerone.com","PATCH","/users/password(.:format)"
"hackerone.com","PUT","/users/password(.:format)"
"hackerone.com","POST","/users/password(.:format)"
"hackerone.com","GET","/users/password/edit(.:format)"
"hackerone.com","GET","/users/password/new(.:format)"
"hackerone.com","POST","/users/saml/auth(.:format)"
"hackerone.com","GET","/users/saml/metadata(.:format)"
"hackerone.com","GET","/users/saml/sign_in(.:format)"
"hackerone.com","GET","/users/saml/unconfirmed(.:format)"
"hackerone.com","POST","/users/saml_idp_response(.:format)"
"hackerone.com","GET","/users/saml_idp_response(.:format)"
"hackerone.com","GET","/users/saml_idp_response/new(.:format)"
"hackerone.com","POST","/users/sign_in(.:format)"
"hackerone.com","GET","/users/sign_in(.:format)"
"hackerone.com","DELETE","/users/sign_out(.:format)"
"hackerone.com","GET","/users/sign_up(.:format)"
"hackerone.com","GET","/users/unlock(.:format)"
"hackerone.com","POST","/users/unlock(.:format)"
"hackerone.com","GET","/users/unlock/new(.:format)"
"hackerone.com","POST","/vulnerability-coordination-maturity-model(.:format)"
"hackerone.com","GET","/vulnerability-coordination-maturity-model(.:format)"
"hackerone.com","GET","/vulnerability-coordination-maturity-model/results(.:format)"
"hackerone.com","GET","/vulnerability-coordination-maturity-model/survey(.:format)"
"hackerone.com","POST","/vulnerability-coordination-maturity-model/user_data(.:format)"
"hackerone.com","POST","/webhooks/currencycloud(.:format)"
"hackerone.com","POST","/webhooks/jira(.:format)"
"hackerone.com","GET","/yahoo(/*subpages)(.:format)"
"hackerone.com","GET","/zendesk_session(.:format)"
"hackerone.com","GET","/zendesk_session/sign_out(.:format)"